{
  "random-20000.20250101.as-rel2.txt": {
    "cpu": [
      59.380811601999994
    ],
    "torch": [
      17.619548136999583
    ],
    "cupy": [
      26.2100204999997
    ]
  },
  "core-20000.20250101.as-rel2.txt": {
    "cpu": [
      2259.967998295
    ],
    "torch": [
      1818.9623008969993
    ],
    "cupy": [
      2535.5993752139984
    ]
  }
}